{
	"AutoRestart": true,
	"Blacklist": [],
	"CommandPrefix": "!",
	"ConfirmationsLimiterDelay": 10,
	"ConnectionTimeout": 60,
	"CurrentCulture": null,
	"Debug": false,
	"FarmingDelay": 15,
	"GiftsLimiterDelay": 1,
	"Headless": false,
	"IdleFarmingPeriod": 8,
	"InventoryLimiterDelay": 3,
	"IPC": true,
	"IPCPassword": null,
	"IPCPrefixes": [
		"http://*:1242/"
	],
	"LoginLimiterDelay": 10,
	"MaxFarmingTime": 10,
	"MaxTradeHoldDuration": 15,
	"OptimizationMode": 0,
	"Statistics": true,
	"SteamOwnerID": 76561198124276902,
	"SteamProtocols": 7,
	"UpdateChannel": 1,
	"UpdatePeriod": 24,
	"WebLimiterDelay": 200,
	"WebProxy": null,
	"WebProxyPassword": null,
	"WebProxyUsername": null
}